method,full_graph,gpu,experiment,stage,mask_size,mask_fraction,mse,mae,mdae,rmse,time,inference_time
linear,True,False,random,train,0.01,nan,0.0034801913425326347,0.032574255019426346,nan,0.0589931458234787,1.7894737720489502,
linear,True,False,random,train,0.02,nan,0.0034878894221037626,0.032503776252269745,nan,0.059058357030153275,1.543189525604248,
linear,True,False,random,train,0.05,nan,0.0035488163121044636,0.03270843252539635,nan,0.059571944177150726,1.7212767601013184,
linear,True,False,random,train,0.1,nan,0.0036766340490430593,0.03331367298960686,nan,0.06063525378704071,1.5197515487670898,
linear,True,False,random,val,0.01,nan,0.0015214182203635573,0.02000289037823677,nan,0.03900536149740219,0.26654648780822754,
linear,True,False,random,val,0.02,nan,0.001543801510706544,0.020479874685406685,nan,0.03929124027490616,0.23034191131591797,
linear,True,False,random,val,0.05,nan,0.0015615444863215089,0.02075336128473282,nan,0.039516381919384,0.27513623237609863,
linear,True,False,random,val,0.1,nan,0.00161871372256428,0.021179988980293274,nan,0.04023324325680733,0.33345770835876465,
linear,True,False,random,test,0.01,nan,0.000947149412240833,0.013397767208516598,nan,0.03077579289674759,0.12517404556274414,
linear,True,False,random,test,0.02,nan,0.0009226322290487587,0.013566086068749428,nan,0.030374862253665924,0.12034893035888672,
linear,True,False,random,test,0.05,nan,0.0009254788747057319,0.013768134638667107,nan,0.030421683564782143,0.14606118202209473,
linear,True,False,random,test,0.1,nan,0.0009640399948693812,0.013977100141346455,nan,0.03104899264872074,0.13488292694091797,
linear,True,False,blackout,train,30,0.01,0.005712533835321665,0.04264602065086365,nan,0.07558130472898483,1.4627208709716797,
linear,True,False,blackout,train,60,0.01,0.009125585667788982,0.05450702831149101,nan,0.09552793204784393,1.5304770469665527,
linear,True,False,blackout,train,150,0.01,0.015618128702044487,0.0759606659412384,nan,0.12497251480817795,1.3586702346801758,
linear,True,False,blackout,train,300,0.01,0.02566596120595932,0.1015004962682724,nan,0.16020599007606506,1.5022873878479004,
linear,True,False,blackout,val,30,0.01,0.0027670827694237232,0.02881596051156521,nan,0.05260306969285011,0.25208449363708496,
linear,True,False,blackout,val,60,0.01,0.004262839909642935,0.03674185648560524,nan,0.0652904286980629,0.3080027103424072,
linear,True,False,blackout,val,150,0.01,0.009113645181059837,0.0539199523627758,nan,0.09546541422605515,0.2763824462890625,
linear,True,False,blackout,val,300,0.01,0.012975115329027176,0.06933269649744034,nan,0.11390836536884308,0.2805459499359131,
linear,True,False,blackout,test,30,0.01,0.0016227371525019407,0.019373267889022827,nan,0.0402832105755806,0.1996135711669922,
linear,True,False,blackout,test,60,0.01,0.0022367818746715784,0.023983635008335114,nan,0.047294627875089645,0.13499045372009277,
linear,True,False,blackout,test,150,0.01,0.0037197114434093237,0.03114921972155571,nan,0.06098943576216698,0.12600111961364746,
linear,True,False,blackout,test,300,0.01,0.006233852822333574,0.04420464113354683,nan,0.07895474880933762,0.12849712371826172,
linear,True,False,maintenance,train,1,0.01,0.05824809893965721,0.16786019504070282,nan,0.24134643375873566,1.623286247253418,
linear,True,False,maintenance,train,2,0.01,0.07916086167097092,0.2037838250398636,nan,0.2813554108142853,1.5149908065795898,
linear,True,False,maintenance,train,7,0.01,0.1163896769285202,0.25379475951194763,nan,0.34115931391716003,1.3850679397583008,
linear,True,False,maintenance,train,14,0.01,0.08550097793340683,0.21743382513523102,nan,0.29240551590919495,1.4765796661376953,
linear,True,False,maintenance,val,1,0.01,0.03734096139669418,0.13718175888061523,nan,0.19323809444904327,0.22762608528137207,
linear,True,False,maintenance,val,2,0.01,0.07593579590320587,0.19904184341430664,nan,0.2755644917488098,0.2936210632324219,
linear,True,False,maintenance,val,7,0.01,0.11831554025411606,0.24980565905570984,nan,0.34397026896476746,0.2834615707397461,
linear,True,False,maintenance,val,14,0.01,0.1582590490579605,0.3136672079563141,nan,0.39781785011291504,0.31395792961120605,
linear,True,False,maintenance,test,1,0.01,0.03244871273636818,0.1102098673582077,nan,0.18013526499271393,0.12949633598327637,
linear,True,False,maintenance,test,2,0.01,0.0633120909333229,0.14634612202644348,nan,0.2516189515590668,0.1242074966430664,
linear,True,False,maintenance,test,7,0.01,0.03586016967892647,0.10308724641799927,nan,0.18936781585216522,0.11814546585083008,
linear,True,False,maintenance,test,14,0.01,0.04310127720236778,0.14805868268013,nan,0.20760847628116608,0.13931727409362793,
knn,True,False,random,train,0.01,nan,0.008552166633307934,0.0451088547706604,nan,0.09247792512178421,23.46452569961548,
knn,True,False,random,train,0.02,nan,0.008376258425414562,0.0447993203997612,nan,0.09152190387248993,40.92345333099365,
knn,True,False,random,train,0.05,nan,0.00828421488404274,0.0447966568171978,nan,0.09101766347885132,93.7574508190155,
knn,True,False,random,train,0.1,nan,0.008316470310091972,0.04508782550692558,nan,0.09119468182325363,178.35557913780212,
knn,True,False,random,val,0.01,nan,0.006976909935474396,0.03965092450380325,nan,0.08352790027856827,7.359233140945435,
knn,True,False,random,val,0.02,nan,0.006970355752855539,0.04011167958378792,nan,0.08348865807056427,12.503087997436523,
knn,True,False,random,val,0.05,nan,0.0066682216711342335,0.03964371979236603,nan,0.08165918290615082,27.34220862388611,
knn,True,False,random,val,0.1,nan,0.006601165048778057,0.03954019024968147,nan,0.08124755322933197,51.36359786987305,
knn,True,False,random,test,0.01,nan,0.004057318903505802,0.027184702455997467,nan,0.06369708478450775,2.972397804260254,
knn,True,False,random,test,0.02,nan,0.0038300438318401575,0.02720269188284874,nan,0.06188734620809555,5.508037090301514,
knn,True,False,random,test,0.05,nan,0.00399037403985858,0.027419058606028557,nan,0.06316940486431122,12.99774956703186,
knn,True,False,random,test,0.1,nan,0.003782613668590784,0.027126494795084,nan,0.061502955853939056,24.983619928359985,
knn,True,False,blackout,train,30,0.01,0.007808317895978689,0.04391363263130188,nan,0.08836469054222107,23.45202398300171,
knn,True,False,blackout,train,60,0.01,0.007559914141893387,0.043392207473516464,nan,0.08694776892662048,23.500245809555054,
knn,True,False,blackout,train,150,0.01,0.00890881847590208,0.04636640101671219,nan,0.09438654035329819,23.55931568145752,
knn,True,False,blackout,train,300,0.01,0.00785677507519722,0.044721778482198715,nan,0.08863845467567444,24.956033945083618,
knn,True,False,blackout,val,30,0.01,0.00686305807903409,0.038821991533041,nan,0.08284357935190201,7.948244094848633,
knn,True,False,blackout,val,60,0.01,0.007697091903537512,0.04126465693116188,nan,0.08773307502269745,7.509190320968628,
knn,True,False,blackout,val,150,0.01,0.008234948851168156,0.042027413845062256,nan,0.09074661880731583,7.498984336853027,
knn,True,False,blackout,val,300,0.01,0.005792584270238876,0.03624972701072693,nan,0.07610902935266495,8.011218547821045,
knn,True,False,blackout,test,30,0.01,0.004484080709517002,0.028667908161878586,nan,0.06696327775716782,3.083961009979248,
knn,True,False,blackout,test,60,0.01,0.004140086472034454,0.029385730624198914,nan,0.06434350460767746,3.0020413398742676,
knn,True,False,blackout,test,150,0.01,0.0042747571133077145,0.028598805889487267,nan,0.06538162380456924,3.2297465801239014,
knn,True,False,blackout,test,300,0.01,0.0025640688836574554,0.024251913651823997,nan,0.05063663423061371,3.1260409355163574,
knn,True,False,maintenance,train,1,0.01,0.007152040489017963,0.045240070670843124,nan,0.08456973731517792,24.628334045410156,
knn,True,False,maintenance,train,2,0.01,0.00993603840470314,0.047705259174108505,nan,0.09967967867851257,24.007489681243896,
knn,True,False,maintenance,train,7,0.01,0.005995853804051876,0.041023313999176025,nan,0.07743290066719055,23.242685079574585,
knn,True,False,maintenance,train,14,0.01,0.007090313360095024,0.04262137785553932,nan,0.08420399576425552,23.42939782142639,
knn,True,False,maintenance,val,1,0.01,0.004227102734148502,0.036197565495967865,nan,0.06501617282629013,7.31433367729187,
knn,True,False,maintenance,val,2,0.01,0.004309969954192638,0.03640270233154297,nan,0.06565035879611969,7.338760137557983,
knn,True,False,maintenance,val,7,0.01,0.003894123714417219,0.0350886806845665,nan,0.062402915209531784,7.255992650985718,
knn,True,False,maintenance,val,14,0.01,0.004412506707012653,0.037889644503593445,nan,0.06642670184373856,6.674127817153931,
knn,True,False,maintenance,test,1,0.01,0.004961606580764055,0.029598405584692955,nan,0.0704386755824089,2.9326374530792236,
knn,True,False,maintenance,test,2,0.01,0.003911161795258522,0.02592150866985321,nan,0.06253927946090698,2.9150283336639404,
knn,True,False,maintenance,test,7,0.01,0.0007531851879321039,0.012575606815516949,nan,0.02744421921670437,2.8366458415985107,
knn,True,False,maintenance,test,14,0.01,0.0016333096427842975,0.020383812487125397,nan,0.040414225310087204,2.912621021270752,
linear,False,False,random,train,0.01,nan,0.00349165010266006,0.03270787000656128,nan,0.05909018591046333,0.08013415336608887,
linear,False,False,random,train,0.02,nan,0.0035488458815962076,0.03299558907747269,nan,0.059572190046310425,0.07430505752563477,
linear,False,False,random,train,0.05,nan,0.003608542028814554,0.03344316780567169,nan,0.06007114052772522,0.08127284049987793,
linear,False,False,random,train,0.1,nan,0.003786897985264659,0.03423624858260155,nan,0.06153777614235878,0.08286881446838379,
linear,False,False,random,val,0.01,nan,0.001776294782757759,0.022508366033434868,nan,0.04214611276984215,0.03733181953430176,
linear,False,False,random,val,0.02,nan,0.0016628537559881806,0.021914981305599213,nan,0.04077810421586037,0.023487091064453125,
linear,False,False,random,val,0.05,nan,0.0016262243734672666,0.0218808576464653,nan,0.040326472371816635,0.025513648986816406,
linear,False,False,random,val,0.1,nan,0.0017269899835810065,0.022275561466813087,nan,0.04155706986784935,0.03211021423339844,
linear,False,False,random,test,0.01,nan,0.0009457459091208875,0.013721703551709652,nan,0.030752982944250107,0.01399540901184082,
linear,False,False,random,test,0.02,nan,0.0011506570735946298,0.014674553647637367,nan,0.03392133489251137,0.013936758041381836,
linear,False,False,random,test,0.05,nan,0.0010984557447955012,0.014259173534810543,nan,0.03314295783638954,0.014385700225830078,
linear,False,False,random,test,0.1,nan,0.0011302689090371132,0.014669529162347317,nan,0.0336194708943367,0.014740943908691406,
linear,False,False,blackout,train,30,0.01,0.006059122737497091,0.044501058757305145,nan,0.07784036546945572,0.08127427101135254,
linear,False,False,blackout,train,60,0.01,0.010189984925091267,0.055213168263435364,nan,0.10094545781612396,0.08303236961364746,
linear,False,False,blackout,train,150,0.01,0.01712166890501976,0.07974667102098465,nan,0.13084979355335236,0.08397436141967773,
linear,False,False,blackout,train,300,0.01,0.02771264873445034,0.10702142864465714,nan,0.16647116839885712,0.08286070823669434,
linear,False,False,blackout,val,30,0.01,0.0025306541938334703,0.02790585719048977,nan,0.05030560865998268,0.023787975311279297,
linear,False,False,blackout,val,60,0.01,0.00394788570702076,0.036661505699157715,nan,0.06283220648765564,0.029929637908935547,
linear,False,False,blackout,val,150,0.01,0.012604308314621449,0.06668122112751007,nan,0.11226890981197357,0.03208518028259277,
linear,False,False,blackout,val,300,0.01,0.019611826166510582,0.09424493461847305,nan,0.1400422304868698,0.028708457946777344,
linear,False,False,blackout,test,30,0.01,0.0012796655064448714,0.017034796997904778,nan,0.0357724130153656,0.01525115966796875,
linear,False,False,blackout,test,60,0.01,0.002737318864092231,0.02684577740728855,nan,0.05231939256191254,0.01369476318359375,
linear,False,False,blackout,test,150,0.01,0.007339301519095898,0.041523613035678864,nan,0.08566972613334656,0.013315200805664062,
linear,False,False,blackout,test,300,0.01,0.007557660806924105,0.04831681400537491,nan,0.08693480491638184,0.015149831771850586,
linear,False,False,maintenance,train,1,0.01,0.05999856814742088,0.17983081936836243,nan,0.24494604766368866,0.09128761291503906,
linear,False,False,maintenance,train,2,0.01,0.11318053305149078,0.2508905827999115,nan,0.3364231586456299,0.0745387077331543,
linear,False,False,maintenance,train,7,0.01,0.13830654323101044,0.28828975558280945,nan,0.3718958795070648,0.08707976341247559,
linear,False,False,maintenance,train,14,0.01,0.12679354846477509,0.29942333698272705,nan,0.3560808300971985,0.08510017395019531,
linear,False,False,maintenance,val,1,0.01,0.05563722550868988,0.1633707731962204,nan,0.2358754426240921,0.02322101593017578,
linear,False,False,maintenance,val,2,0.01,0.11103416234254837,0.23702524602413177,nan,0.33321788907051086,0.028112173080444336,
linear,False,False,maintenance,val,7,0.01,0.07528451830148697,0.2272246927022934,nan,0.27438023686408997,0.028307199478149414,
linear,False,False,maintenance,val,14,0.01,nan,nan,nan,nan,0.023538589477539062,
linear,False,False,maintenance,test,1,0.01,0.01301509514451027,0.06788484752178192,nan,0.11408372223377228,0.015248537063598633,
linear,False,False,maintenance,test,2,0.01,0.004126734100282192,0.052144598215818405,nan,0.06423965841531754,0.014522552490234375,
linear,False,False,maintenance,test,7,0.01,nan,nan,nan,nan,0.015787363052368164,
linear,False,False,maintenance,test,14,0.01,nan,nan,nan,nan,0.014359474182128906,
knn,False,False,random,train,0.01,nan,0.007669189944863319,0.04213070496916771,nan,0.08757390826940536,2.5991642475128174,
knn,False,False,random,train,0.02,nan,0.0073060267604887486,0.04131431132555008,nan,0.08547529578208923,4.437418699264526,
knn,False,False,random,train,0.05,nan,0.007338338065892458,0.04120982438325882,nan,0.08566410094499588,10.29090404510498,
knn,False,False,random,train,0.1,nan,0.007029582746326923,0.04099378362298012,nan,0.08384260535240173,20.018139839172363,
knn,False,False,random,val,0.01,nan,0.006702912971377373,0.036290984600782394,nan,0.08187132328748703,0.9141845703125,
knn,False,False,random,val,0.02,nan,0.007227784022688866,0.038168132305145264,nan,0.08501637727022171,1.5409562587738037,
knn,False,False,random,val,0.05,nan,0.005929775070399046,0.035306405276060104,nan,0.07700503617525101,3.2039732933044434,
knn,False,False,random,val,0.1,nan,0.005939179565757513,0.035639289766550064,nan,0.07706607133150101,5.860767126083374,
knn,False,False,random,test,0.01,nan,0.004497668240219355,0.025420567020773888,nan,0.06706465780735016,0.336475133895874,
knn,False,False,random,test,0.02,nan,0.003764841705560684,0.024409053847193718,nan,0.06135830655694008,0.6024744510650635,
knn,False,False,random,test,0.05,nan,0.004399831406772137,0.025370057672262192,nan,0.06633122265338898,1.4687249660491943,
knn,False,False,random,test,0.1,nan,0.004518544767051935,0.02540460228919983,nan,0.06722012162208557,2.8239243030548096,
knn,False,False,blackout,train,30,0.01,0.007870710454881191,0.04225628823041916,nan,0.088717021048069,2.3769044876098633,
knn,False,False,blackout,train,60,0.01,0.005548826884478331,0.03726775199174881,nan,0.07449045032262802,2.399712085723877,
knn,False,False,blackout,train,150,0.01,0.006158837582916021,0.040529388934373856,nan,0.07847826182842255,2.408906936645508,
knn,False,False,blackout,train,300,0.01,0.004141385667026043,0.034774258732795715,nan,0.06435360014438629,2.441628932952881,
knn,False,False,blackout,val,30,0.01,0.006319078151136637,0.034002020955085754,nan,0.07949262857437134,0.9211337566375732,
knn,False,False,blackout,val,60,0.01,0.004646340385079384,0.033017031848430634,nan,0.06816407293081284,0.9198276996612549,
knn,False,False,blackout,val,150,0.01,0.006465648766607046,0.03348272666335106,nan,0.08040925860404968,0.9237582683563232,
knn,False,False,blackout,val,300,0.01,0.01043248176574707,0.04374109208583832,nan,0.10213951766490936,0.9275672435760498,
knn,False,False,blackout,test,30,0.01,0.0034159906208515167,0.023829739540815353,nan,0.058446478098630905,0.33321285247802734,
knn,False,False,blackout,test,60,0.01,0.0025883298367261887,0.022465160116553307,nan,0.05087563022971153,0.3226664066314697,
knn,False,False,blackout,test,150,0.01,0.004417695105075836,0.028763001784682274,nan,0.06646574288606644,0.326829195022583,
knn,False,False,blackout,test,300,0.01,0.006304667331278324,0.03695874661207199,nan,0.07940193265676498,0.3253042697906494,
knn,False,False,maintenance,train,1,0.01,0.004190958570688963,0.036935437470674515,nan,0.06473761051893234,2.38981556892395,
knn,False,False,maintenance,train,2,0.01,0.004014675971120596,0.03354518488049507,nan,0.06336147338151932,2.4518654346466064,
knn,False,False,maintenance,train,7,0.01,0.004713601898401976,0.04067530855536461,nan,0.06865567713975906,2.110034227371216,
knn,False,False,maintenance,train,14,0.01,0.0049171228893101215,0.03522823750972748,nan,0.07012219727039337,1.5575640201568604,
knn,False,False,maintenance,val,1,0.01,0.020836368203163147,0.08367655426263809,nan,0.14434808492660522,0.9441657066345215,
knn,False,False,maintenance,val,2,0.01,0.004331232979893684,0.035110119730234146,nan,0.06581210345029831,0.8307609558105469,
knn,False,False,maintenance,val,7,0.01,0.0023317981977015734,0.028127534314990044,nan,0.04828869551420212,0.9321002960205078,
knn,False,False,maintenance,val,14,0.01,nan,nan,nan,nan,0.3532838821411133,
knn,False,False,maintenance,test,1,0.01,0.0028454039711505175,0.027079567313194275,nan,0.05334232747554779,0.2735879421234131,
knn,False,False,maintenance,test,2,0.01,0.0006615506717935205,0.013158198446035385,nan,0.0257206279784441,0.1928560733795166,
knn,False,False,maintenance,test,7,0.01,nan,nan,nan,nan,0.03247857093811035,
knn,False,False,maintenance,test,14,0.01,nan,nan,nan,nan,0.03560233116149902,
tikhonov,True,True,random,train,0.01,nan,1.133321762084961,0.8498069047927856,0.7172465920448303,1.0645759105682373,5.662095785140991,
tikhonov,True,True,random,train,0.02,nan,1.127193570137024,0.8456340432167053,0.7095093727111816,1.0616936683654785,3.830810546875,
tikhonov,True,True,random,train,0.05,nan,1.1299513578414917,0.846859335899353,0.7143149971961975,1.062991738319397,3.154897928237915,
tikhonov,True,True,random,train,0.1,nan,1.1300969123840332,0.8478096127510071,0.7163910865783691,1.0630601644515991,3.4616634845733643,
tikhonov,True,True,random,val,0.01,nan,1.1194918155670166,0.8453341126441956,0.7208690047264099,1.0580604076385498,0.3560769557952881,
tikhonov,True,True,random,val,0.02,nan,1.1189215183258057,0.8424186110496521,0.7099857330322266,1.0577908754348755,0.3725912570953369,
tikhonov,True,True,random,val,0.05,nan,1.1313329935073853,0.8492391109466553,0.7197738289833069,1.0636413097381592,0.3735318183898926,
tikhonov,True,True,random,val,0.1,nan,1.1265894174575806,0.8463900089263916,0.7129316329956055,1.0614092350006104,0.511307954788208,
tikhonov,True,True,random,test,0.01,nan,1.1033881902694702,0.8326711058616638,0.6867837309837341,1.0504229068756104,0.12597250938415527,
tikhonov,True,True,random,test,0.02,nan,1.0723673105239868,0.8279464840888977,0.7081823348999023,1.0355517864227295,0.12247467041015625,
tikhonov,True,True,random,test,0.05,nan,1.0639703273773193,0.8212594985961914,0.6871883869171143,1.031489372253418,0.1717243194580078,
tikhonov,True,True,random,test,0.1,nan,1.0883227586746216,0.8311306238174438,0.7019736766815186,1.0432270765304565,0.1641242504119873,
tikhonov,True,True,blackout,train,30,0.01,1.124302864074707,0.8472325205802917,0.7163543701171875,1.0603314638137817,4.832360506057739,
tikhonov,True,True,blackout,train,60,0.01,1.1283866167068481,0.8468818664550781,0.7140494585037231,1.0622553825378418,5.773664474487305,
tikhonov,True,True,blackout,train,150,0.01,1.1261528730392456,0.8479522466659546,0.7174562215805054,1.0612035989761353,4.14805793762207,
tikhonov,True,True,blackout,train,300,0.01,1.1226284503936768,0.8449425101280212,0.7120335102081299,1.0595415830612183,4.698120594024658,
tikhonov,True,True,blackout,val,30,0.01,1.1347591876983643,0.8524078130722046,0.7278465032577515,1.0652508735656738,0.4779469966888428,
tikhonov,True,True,blackout,val,60,0.01,1.1491167545318604,0.8567503690719604,0.726269006729126,1.0719685554504395,0.36025476455688477,
tikhonov,True,True,blackout,val,150,0.01,1.1244126558303833,0.8443616032600403,0.7080868482589722,1.0603832006454468,0.32544851303100586,
tikhonov,True,True,blackout,val,300,0.01,1.106014609336853,0.8386764526367188,0.7060281038284302,1.051672339439392,0.33109378814697266,
tikhonov,True,True,blackout,test,30,0.01,1.1217650175094604,0.8375760912895203,0.700072169303894,1.0591341257095337,0.5114719867706299,
tikhonov,True,True,blackout,test,60,0.01,1.0795273780822754,0.827174961566925,0.6942602396011353,1.0390028953552246,0.14201593399047852,
tikhonov,True,True,blackout,test,150,0.01,1.0773921012878418,0.8253393173217773,0.6847337484359741,1.0379749536514282,0.238983154296875,
tikhonov,True,True,blackout,test,300,0.01,1.0887329578399658,0.8320128321647644,0.7015255093574524,1.0434236526489258,0.16553473472595215,
tikhonov,True,True,maintenance,train,1,0.01,1.1245492696762085,0.8467358350753784,0.7176400423049927,1.0604476928710938,5.4079670906066895,
tikhonov,True,True,maintenance,train,2,0.01,1.1291253566741943,0.8465707302093506,0.7125204801559448,1.0626031160354614,5.5276525020599365,
tikhonov,True,True,maintenance,train,7,0.01,1.1062215566635132,0.8380703926086426,0.7065519094467163,1.051770567893982,3.416823625564575,
tikhonov,True,True,maintenance,train,14,0.01,1.1058403253555298,0.8399950265884399,0.7126035094261169,1.0515894889831543,4.096951246261597,
tikhonov,True,True,maintenance,val,1,0.01,1.1079949140548706,0.8361480236053467,0.7023637890815735,1.052613377571106,0.4635457992553711,
tikhonov,True,True,maintenance,val,2,0.01,1.1056337356567383,0.8374555706977844,0.7053689956665039,1.051491141319275,0.4441509246826172,
tikhonov,True,True,maintenance,val,7,0.01,1.1208481788635254,0.8435062766075134,0.707847535610199,1.0587011575698853,0.343320369720459,
tikhonov,True,True,maintenance,val,14,0.01,1.1706914901733398,0.8600462079048157,0.7292886972427368,1.0819848775863647,0.3592715263366699,
tikhonov,True,True,maintenance,test,1,0.01,1.0837358236312866,0.8382259011268616,0.7220869064331055,1.0410263538360596,0.12598490715026855,
tikhonov,True,True,maintenance,test,2,0.01,1.1386524438858032,0.8517941236495972,0.7160218954086304,1.067076563835144,0.12889552116394043,
tikhonov,True,True,maintenance,test,7,0.01,0.9879192113876343,0.7934978008270264,0.6688544750213623,0.9939412474632263,0.14638137817382812,
tikhonov,True,True,maintenance,test,14,0.01,1.083870768547058,0.8286566734313965,0.6991531848907471,1.0410912036895752,0.13008975982666016,
tikhonov,False,True,random,train,0.01,nan,1.1141844987869263,0.8485832810401917,0.7232599258422852,1.0555493831634521,4.2332422733306885,
tikhonov,False,True,random,train,0.02,nan,1.1179152727127075,0.8407154679298401,0.7026032209396362,1.0573151111602783,3.583242416381836,
tikhonov,False,True,random,train,0.05,nan,1.1495872735977173,0.8546603918075562,0.7257651090621948,1.0721880197525024,1.9446375370025635,
tikhonov,False,True,random,train,0.1,nan,1.1413565874099731,0.8508114814758301,0.7166977524757385,1.0683428049087524,1.8651256561279297,
tikhonov,False,True,random,val,0.01,nan,1.0693700313568115,0.8105935454368591,0.6755273938179016,1.034103512763977,0.16043472290039062,
tikhonov,False,True,random,val,0.02,nan,1.1585078239440918,0.8661009073257446,0.7455572485923767,1.0763399600982666,0.17630219459533691,
tikhonov,False,True,random,val,0.05,nan,1.1299479007720947,0.8453877568244934,0.7097411751747131,1.0629901885986328,0.17513394355773926,
tikhonov,False,True,random,val,0.1,nan,1.1600912809371948,0.8584508299827576,0.7192001938819885,1.077075481414795,0.14383363723754883,
tikhonov,False,True,random,test,0.01,nan,1.0280430316925049,0.8057979345321655,0.6632152795791626,1.0139245986938477,0.07606029510498047,
tikhonov,False,True,random,test,0.02,nan,1.1095085144042969,0.8385831713676453,0.7169509530067444,1.0533320903778076,0.05704855918884277,
tikhonov,False,True,random,test,0.05,nan,1.0795824527740479,0.834183394908905,0.7121423482894897,1.039029598236084,0.07581639289855957,
tikhonov,False,True,random,test,0.1,nan,1.131251335144043,0.8427937626838684,0.7120927572250366,1.0636030435562134,0.09322643280029297,
tikhonov,False,True,blackout,train,30,0.01,1.1344467401504517,0.8468334674835205,0.7179443836212158,1.0651040077209473,2.488811492919922,
tikhonov,False,True,blackout,train,60,0.01,1.1616183519363403,0.8548106551170349,0.710353672504425,1.0777840614318848,3.565300464630127,
tikhonov,False,True,blackout,train,150,0.01,1.1308958530426025,0.8523520827293396,0.7184195518493652,1.0634357929229736,1.7207622528076172,
tikhonov,False,True,blackout,train,300,0.01,1.1973083019256592,0.8635532259941101,0.7193042039871216,1.0942158699035645,1.8321616649627686,
tikhonov,False,True,blackout,val,30,0.01,1.096684217453003,0.8385335803031921,0.699567973613739,1.047226905822754,0.22327756881713867,
tikhonov,False,True,blackout,val,60,0.01,1.1009812355041504,0.8356104493141174,0.7099489569664001,1.04927659034729,0.14284014701843262,
tikhonov,False,True,blackout,val,150,0.01,1.022723913192749,0.8034689426422119,0.6678520441055298,1.0112982988357544,0.19322872161865234,
tikhonov,False,True,blackout,val,300,0.01,1.1031463146209717,0.8312364816665649,0.6862806081771851,1.0503077507019043,0.1537919044494629,
tikhonov,False,True,blackout,test,30,0.01,1.043799638748169,0.810925304889679,0.6838133335113525,1.021665096282959,0.0761268138885498,
tikhonov,False,True,blackout,test,60,0.01,0.9904235601425171,0.7861671447753906,0.6663227081298828,0.9952002763748169,0.09031271934509277,
tikhonov,False,True,blackout,test,150,0.01,1.1760309934616089,0.8594851493835449,0.7291641235351562,1.0844496488571167,0.11282968521118164,
tikhonov,False,True,blackout,test,300,0.01,1.0637280941009521,0.8231871724128723,0.7009812593460083,1.0313719511032104,0.09777617454528809,
tikhonov,False,True,maintenance,train,1,0.01,1.093471884727478,0.836896538734436,0.7132858037948608,1.0456920862197876,3.189042091369629,
tikhonov,False,True,maintenance,train,2,0.01,1.0564016103744507,0.8252779841423035,0.7039786577224731,1.0278140306472778,3.464545488357544,
tikhonov,False,True,maintenance,train,7,0.01,1.0853447914123535,0.8325479626655579,0.7006934881210327,1.0417988300323486,1.8634843826293945,
tikhonov,False,True,maintenance,train,14,0.01,1.086837649345398,0.8208609223365784,0.684349536895752,1.0425150394439697,2.2732253074645996,
tikhonov,False,True,maintenance,val,1,0.01,1.187096118927002,0.8696751594543457,0.7219871282577515,1.0895394086837769,0.1936662197113037,
tikhonov,False,True,maintenance,val,2,0.01,1.16134512424469,0.8546032309532166,0.7113454341888428,1.0776572227478027,0.185255765914917,
tikhonov,False,True,maintenance,val,7,0.01,1.097546935081482,0.8333033323287964,0.7013869285583496,1.0476386547088623,0.14049291610717773,
tikhonov,False,True,maintenance,val,14,0.01,nan,nan,nan,nan,0.19747471809387207,
tikhonov,False,True,maintenance,test,1,0.01,1.2080914974212646,0.8786466717720032,0.7657910585403442,1.0991321802139282,0.06691622734069824,
tikhonov,False,True,maintenance,test,2,0.01,0.9791771173477173,0.8152936697006226,0.7290022373199463,0.9895337224006653,0.06985878944396973,
tikhonov,False,True,maintenance,test,7,0.01,nan,nan,nan,nan,0.0914764404296875,
tikhonov,False,True,maintenance,test,14,0.01,nan,nan,nan,nan,0.05245471000671387,
tikhonov,False,False,random,train,0.01,nan,0.003612285712733865,0.034223172813653946,0.01667892560362816,0.06010229513049126,7.218945264816284,
tikhonov,False,False,random,train,0.02,nan,0.003606170881539583,0.03438974916934967,0.01668408513069153,0.06005139648914337,6.502385377883911,
tikhonov,False,False,random,train,0.05,nan,0.003641527844592929,0.03479311615228653,0.017127707600593567,0.06034509837627411,5.417541265487671,
tikhonov,False,False,random,train,0.1,nan,0.0037633127067238092,0.03557181358337402,0.01758689060807228,0.06134587526321411,5.745183706283569,
tikhonov,False,False,random,val,0.01,nan,0.001882885000668466,0.024155814200639725,0.011013120412826538,0.04339222237467766,1.2447929382324219,
tikhonov,False,False,random,val,0.02,nan,0.0017763886135071516,0.02366059646010399,0.010864347219467163,0.04214722290635109,1.1730949878692627,
tikhonov,False,False,random,val,0.05,nan,0.0017165011959150434,0.02336687594652176,0.010703802108764648,0.041430678218603134,1.3850963115692139,
tikhonov,False,False,random,val,0.1,nan,0.0018941921880468726,0.02435985952615738,0.011343870311975479,0.04352231323719025,1.2472174167633057,
tikhonov,False,False,random,test,0.01,nan,0.0009183749207295477,0.014470434747636318,0.0043153464794158936,0.03030470386147499,0.7214834690093994,
tikhonov,False,False,random,test,0.02,nan,0.0011631033848971128,0.015496590174734592,0.004327956587076187,0.034104302525520325,0.6650180816650391,
tikhonov,False,False,random,test,0.05,nan,0.0010821099858731031,0.015058359131217003,0.004277000203728676,0.03289543837308884,0.7181549072265625,
tikhonov,False,False,random,test,0.1,nan,0.0013536314945667982,0.015980252996087074,0.004497317131608725,0.036791734397411346,0.9721066951751709,
tikhonov,False,False,blackout,train,30,0.01,0.00606445362791419,0.04994045943021774,0.03072943538427353,0.07787460088729858,6.966155529022217,
tikhonov,False,False,blackout,train,60,0.01,0.026057640090584755,0.11828606575727463,0.08810072392225266,0.16142378747463226,7.187024354934692,
tikhonov,False,False,blackout,train,150,0.01,0.06996973603963852,0.1929645538330078,0.13875547051429749,0.2645179033279419,5.241723537445068,
tikhonov,False,False,blackout,train,300,0.01,0.09018109738826752,0.2259199321269989,0.16690465807914734,0.3003016412258148,6.086747169494629,
tikhonov,False,False,blackout,val,30,0.01,0.003280775621533394,0.037667952477931976,0.023083001375198364,0.05727805569767952,1.3714008331298828,
tikhonov,False,False,blackout,val,60,0.01,0.020077455788850784,0.10433518886566162,0.07614083588123322,0.14169493317604065,1.2132794857025146,
tikhonov,False,False,blackout,val,150,0.01,0.07247074693441391,0.1935689002275467,0.1338372826576233,0.26920390129089355,1.2077300548553467,
tikhonov,False,False,blackout,val,300,0.01,0.06372739374637604,0.19320717453956604,0.14624866843223572,0.2524428367614746,1.1663503646850586,
tikhonov,False,False,blackout,test,30,0.01,0.0016468795947730541,0.026493413373827934,0.016916807740926743,0.04058177024126053,0.7099864482879639,
tikhonov,False,False,blackout,test,60,0.01,0.01678740233182907,0.09414821118116379,0.06452958285808563,0.12956620752811432,0.601250410079956,
tikhonov,False,False,blackout,test,150,0.01,0.07064930349588394,0.1889205425977707,0.12533164024353027,0.265799343585968,0.6458151340484619,
tikhonov,False,False,blackout,test,300,0.01,0.0703481137752533,0.19203275442123413,0.13546249270439148,0.2652322053909302,0.691716194152832,
tikhonov,False,False,maintenance,train,1,0.01,0.09259974956512451,0.2363290637731552,0.1901881992816925,0.3043020963668823,7.609965562820435,
tikhonov,False,False,maintenance,train,2,0.01,0.07146521657705307,0.19908325374126434,0.15052802860736847,0.26732975244522095,7.891504287719727,
tikhonov,False,False,maintenance,train,7,0.01,0.07827819883823395,0.2142547070980072,0.1682826429605484,0.27978238463401794,5.722799777984619,
tikhonov,False,False,maintenance,train,14,0.01,0.05960929021239281,0.18816637992858887,0.154479518532753,0.24415013194084167,7.070004940032959,
tikhonov,False,False,maintenance,val,1,0.01,0.09401216357946396,0.24509301781654358,0.2094932198524475,0.3066140413284302,1.4160122871398926,
tikhonov,False,False,maintenance,val,2,0.01,0.08135131746530533,0.2033362090587616,0.1326017677783966,0.28522151708602905,1.1940994262695312,
tikhonov,False,False,maintenance,val,7,0.01,0.06187204271554947,0.1960986852645874,0.16014140844345093,0.24874092638492584,1.177743911743164,
tikhonov,False,False,maintenance,val,14,0.01,nan,nan,nan,nan,0.19332218170166016,
tikhonov,False,False,maintenance,test,1,0.01,0.0715222880244255,0.19991888105869293,0.15834757685661316,0.26743650436401367,0.692368745803833,
tikhonov,False,False,maintenance,test,2,0.01,0.02958783134818077,0.1384945660829544,0.10895805060863495,0.17201115190982819,0.6484098434448242,
tikhonov,False,False,maintenance,test,7,0.01,nan,nan,nan,nan,0.04045414924621582,
tikhonov,False,False,maintenance,test,14,0.01,nan,nan,nan,nan,0.03729867935180664,
tikhonov,True,False,random,train,0.01,nan,0.003484489396214485,0.034175530076026917,0.016847431659698486,0.059029582887887955,37.600053548812866,
tikhonov,True,False,random,train,0.02,nan,0.003476646961644292,0.03413571044802666,0.01683977246284485,0.058963172137737274,38.21002697944641,
tikhonov,True,False,random,train,0.05,nan,0.0035502417013049126,0.03437899425625801,0.017012447118759155,0.0595841184258461,36.77825403213501,
tikhonov,True,False,random,train,0.1,nan,0.003661963390186429,0.035003162920475006,0.01743978261947632,0.060514725744724274,36.65401768684387,
tikhonov,True,False,random,val,0.01,nan,0.0017814236925914884,0.022304296493530273,0.01046140119433403,0.04220692440867424,7.296815395355225,
tikhonov,True,False,random,val,0.02,nan,0.001713373465463519,0.022663582116365433,0.010678342543542385,0.04139292985200882,7.379856586456299,
tikhonov,True,False,random,val,0.05,nan,0.0017610077047720551,0.02296510525047779,0.010953127406537533,0.041964396834373474,7.201566457748413,
tikhonov,True,False,random,val,0.1,nan,0.0017792555736377835,0.023397967219352722,0.011312603950500488,0.04218127951025963,7.461997032165527,
tikhonov,True,False,random,test,0.01,nan,0.0012032428057864308,0.01490066573023796,0.003953158855438232,0.034687791019678116,3.3681209087371826,
tikhonov,True,False,random,test,0.02,nan,0.0011837350903078914,0.015074677765369415,0.004155196249485016,0.03440545126795769,3.4117603302001953,
tikhonov,True,False,random,test,0.05,nan,0.0010361018357798457,0.01521835196763277,0.0043875244446098804,0.0321885421872139,3.4632132053375244,
tikhonov,True,False,random,test,0.1,nan,0.0010895698796957731,0.015604873187839985,0.004651177674531937,0.03300865739583969,3.44221568107605,
tikhonov,True,False,blackout,train,30,0.01,0.005403872113674879,0.04588337242603302,0.02600698545575142,0.0735110267996788,36.646034479141235,
tikhonov,True,False,blackout,train,60,0.01,0.01628057099878788,0.08988597989082336,0.06154029071331024,0.12759537994861603,41.344706296920776,
tikhonov,True,False,blackout,train,150,0.01,0.04268059507012367,0.14624498784542084,0.10000954568386078,0.206592857837677,48.45206809043884,
tikhonov,True,False,blackout,train,300,0.01,0.05177589878439903,0.1630803793668747,0.1147715300321579,0.2275431603193283,36.899099826812744,
tikhonov,True,False,blackout,val,30,0.01,0.003020948264747858,0.03505631536245346,0.020755955949425697,0.05496315658092499,7.49515175819397,
tikhonov,True,False,blackout,val,60,0.01,0.014139465987682343,0.084592804312706,0.05704614520072937,0.11890948563814163,7.552077054977417,
tikhonov,True,False,blackout,val,150,0.01,0.043099407106637955,0.14361831545829773,0.09364265203475952,0.20760394632816315,7.460667371749878,
tikhonov,True,False,blackout,val,300,0.01,0.04860669746994972,0.1562374383211136,0.10325036197900772,0.22046923637390137,7.843534708023071,
tikhonov,True,False,blackout,test,30,0.01,0.0019464560318738222,0.02631065994501114,0.014190943911671638,0.04411866143345833,4.26111626625061,
tikhonov,True,False,blackout,test,60,0.01,0.010569937527179718,0.0720389187335968,0.047279126942157745,0.10281019657850266,3.598478078842163,
tikhonov,True,False,blackout,test,150,0.01,0.031133228912949562,0.11985962837934494,0.0793522447347641,0.1764461249113083,3.64202618598938,
tikhonov,True,False,blackout,test,300,0.01,0.031331099569797516,0.127119779586792,0.08992629498243332,0.17700591683387756,3.5960896015167236,
tikhonov,True,False,maintenance,train,1,0.01,0.06465661525726318,0.18583005666732788,0.13222123682498932,0.25427669286727905,37.80651044845581,
tikhonov,True,False,maintenance,train,2,0.01,0.06463999301195145,0.18662895262241364,0.13253404200077057,0.25424396991729736,41.49285960197449,
tikhonov,True,False,maintenance,train,7,0.01,0.054881662130355835,0.17132170498371124,0.12362933903932571,0.23426833748817444,40.57683348655701,
tikhonov,True,False,maintenance,train,14,0.01,0.05360684171319008,0.1661171019077301,0.11569727212190628,0.2315315306186676,39.532296657562256,
tikhonov,True,False,maintenance,val,1,0.01,0.05303221568465233,0.1740088015794754,0.1343938410282135,0.23028722405433655,7.780122995376587,
tikhonov,True,False,maintenance,val,2,0.01,0.055576059967279434,0.17535746097564697,0.1305859386920929,0.23574574291706085,7.436647891998291,
tikhonov,True,False,maintenance,val,7,0.01,0.050621408969163895,0.170177161693573,0.13046500086784363,0.22499200701713562,7.283740997314453,
tikhonov,True,False,maintenance,val,14,0.01,0.05477651208639145,0.17285408079624176,0.12578532099723816,0.23404380679130554,7.255808591842651,
tikhonov,True,False,maintenance,test,1,0.01,0.05083406716585159,0.15819108486175537,0.1040264144539833,0.2254641205072403,3.423513174057007,
tikhonov,True,False,maintenance,test,2,0.01,0.05686580389738083,0.16545164585113525,0.1107565388083458,0.23846551775932312,3.4879393577575684,
tikhonov,True,False,maintenance,test,7,0.01,0.03146209567785263,0.1286471039056778,0.09430334717035294,0.17737559974193573,3.6498184204101562,
tikhonov,True,False,maintenance,test,14,0.01,0.02133922278881073,0.10505504906177521,0.07435135543346405,0.14607952535152435,3.671995162963867,
gru,False,True,random,test,0.01,nan,0.0039,,,,2086.940,0.359
gru,False,True,random,test,0.02,nan,0.0028,,,,2229.737,0.126
gru,False,True,random,test,0.05,nan,0.0025,,,,2430.112,0.125
gru,False,True,random,test,0.1,nan,0.0022,,,,2204.093,0.322
gru,False,True,blackout,test,30, 0.01,0.0062,,,,1192.834,0.232
gru,False,True,blackout,test,60, 0.01,0.0057,,,,1567.230,0.283
gru,False,True,blackout,test,150, 0.01,0.0122,,,,1027.556,0.195
gru,False,True,blackout,test,300, 0.01,0.0222,,,,1283.62,0.313
gcgru,False,True,random,test,0.01,nan,0.0038,,,,1572.443,2.744
gcgru,False,True,random,test,0.02,nan,0.0042,,,,2510.021,2.016
gcgru,False,True,random,test,0.05,nan,0.0042,,,,5003.139,2.076
gcgru,False,True,random,test,0.1,nan,0.0042,,,,3257.817,1.853
gcgru,False,True,blackout,test,30, 0.01,0.0047,,,,1114.517,1.778
gcgru,False,True,blackout,test,60, 0.01,0.0035,,,,893.686,1.778
gcgru,False,True,blackout,test,150, 0.01,0.0042,,,,1628.254,1.933
gcgru,False,True,blackout,test,300, 0.01,0.0042,,,,1434.660,1.943
Ours,True,True,random,test,0.01,0.01,0.00700446420765061,0.050428319819393275,0.08369267714472163,62.51983428001404,22.071210861206055
Ours,True,True,blackout,test,30.0,0.01,0.007904889444889259,0.05484565598239924,0.08890944519503684,60.535425424575806,21.464295148849487
Ours,True,True,blackout,test,60.0,0.01,0.010005474726664736,0.055922208414002424,0.10002736988776989,55.630342960357666,23.443607568740845
Ours,True,True,blackout,test,150.0,0.01,0.009520795235560318,0.058267819789135075,0.09757456244103951,56.712124824523926,22.916114568710327
Ours,True,True,blackout,test,300.0,0.01,0.008625849782170824,0.06345280516799792,0.09287545306576342,66.03385806083679,25.514447689056396
Ours,True,True,maintenance,test,1.0,0.01,0.00880684900514812,0.0539863650755718,0.0938448134163424,61.838791608810425,19.40723156929016
Ours,True,True,maintenance,test,2.0,0.01,0.005543283677662282,0.04655021926054074,0.074453231478978,56.770636796951294,23.10606026649475
Ours,True,True,maintenance,test,7.0,0.01,0.010403998102798653,0.057774863154331585,0.10199999069999297,60.70010781288147,21.37172794342041
Ours,True,True,maintenance,test,14.0,0.01,0.009953517161941686,0.059409366690888706,0.09976731509839125,60.563926219940186,23.136820554733276